Test Size,Rate,Name Method,M,C,theta,SP,SE,Gmean,F1 Score,Precision,Accuracy,AUC,Ma tran nham lan
0.3,0.02,CNN,None,None,None,1.0,0.0,0.0,0.0,0.0,0.9803921568627451,0.5,"[[1200    0]
 [  24    0]]"
0.3,0.04,CNN,None,None,None,1.0,0.0,0.0,0.0,0.0,0.9615384615384616,0.5,"[[1200    0]
 [  48    0]]"
0.3,0.06,CNN,None,None,None,1.0,0.041666666666666664,0.2041241452319315,0.07999999999999999,1.0,0.9457547169811321,0.5208333333333334,"[[1200    0]
 [  69    3]]"
0.3,0.08,CNN,None,None,None,0.9983333333333333,0.11458333333333333,0.3382193978930113,0.20183486238532108,0.8461538461538461,0.9328703703703703,0.5564583333333333,"[[1198    2]
 [  85   11]]"
0.3,0.1,CNN,None,None,None,0.9958333333333333,0.21666666666666667,0.4645039169790594,0.3443708609271523,0.8387096774193549,0.925,0.6062500000000001,"[[1195    5]
 [  94   26]]"
0.3,0.15,CNN,None,None,None,0.99,0.2777777777777778,0.5244044240850758,0.4132231404958677,0.8064516129032258,0.8971014492753623,0.6338888888888888,"[[1188   12]
 [ 130   50]]"
0.3,0.2,CNN,None,None,None,0.9116666666666666,0.6375,0.7623565438821917,0.6132264529058116,0.5907335907335908,0.8659722222222223,0.7745833333333333,"[[1094  106]
 [  87  153]]"
