Test Size,Rate,Name Method,M,C,theta,SP,SE,Gmean,F1 Score,Precision,Accuracy,AUC,Ma tran nham lan
0.3,0.02,CNN,None,None,None,1.0,0.0,0.0,0.0,0.0,0.9803921568627451,0.5,"[[1200    0]
 [  24    0]]"
0.3,0.04,CNN,None,None,None,1.0,0.0,0.0,0.0,0.0,0.9615384615384616,0.5,"[[1200    0]
 [  48    0]]"
0.3,0.06,CNN,None,None,None,0.99,0.16666666666666666,0.406201920231798,0.25,0.5,0.9433962264150944,0.5783333333333334,"[[1188   12]
 [  60   12]]"
0.3,0.08,CNN,None,None,None,0.985,0.2708333333333333,0.516498628588047,0.3714285714285714,0.5909090909090909,0.9320987654320988,0.6279166666666667,"[[1182   18]
 [  70   26]]"
0.3,0.1,CNN,None,None,None,0.9975,0.11666666666666667,0.34113780206831373,0.2043795620437956,0.8235294117647058,0.9174242424242425,0.5570833333333334,"[[1197    3]
 [ 106   14]]"
0.3,0.15,CNN,None,None,None,0.9425,0.5611111111111111,0.7272188269167832,0.5771428571428573,0.5941176470588235,0.8927536231884058,0.7518055555555555,"[[1131   69]
 [  79  101]]"
0.3,0.2,CNN,None,None,None,0.9541666666666667,0.55,0.7244250593861775,0.6182669789227168,0.7058823529411765,0.8868055555555555,0.7520833333333333,"[[1145   55]
 [ 108  132]]"
